Unable to Place Order!! Payment has been failed,Me emme voi käsitellä tilaustasi. Maksun vahvistus epäonnistui.
KlarnaCredit Checkout has been canceled.,Peruutuspyyntösi Klarna käsittely onnistui. 
Unable to cancel Klarna Checkout,"Pahoittelemme, mutta Klarna-peruutuksesi käsittelyssä tapahtui virhe."
Paypal Checkout has been canceled.,Peruutuspyyntösi Paypal käsittely onnistui. 
Unable to cancel Paypal Checkout,"Pahoittelemme, mutta PayPal-peruutuksesi käsittelyssä tapahtui virhe."
Make a payment from your new or existing PayPal account.,Suorita maksu uudelta tai olemassa olevalta PayPal-tililtä.
Tax,Vero
Unable to Place Order,Me emme voi käsitellä tilaustasi
Edit,Muokkaa
Unable to process,Me emme voi käsitellä  
ending in,päättyy
New Card,Syötä uusi kortti
Credit Card Number,Luottokortin numero:
Month/Year,Kuukausi/Vuosi
Card Security Code,Kortin tarkistusnumero
Payment Instructions,Ohjeita maksamista varten
Please make your payment now to complete your order.,Suorita maksu nyt päättääksesi tilauksesi. 
Provide your bank with the following wire transfer instruction:,Anna pankillesi seuraavat tilisiirtotiedot:
Amount:,Määrä
Wire Transfer Reference Number:,Tilisiirron viitenumero:
Bank:,Pankki:
Location:,Sijainti:
Account Holder:,Tilin haltija:
Account Number:,Tilinumero:
Swift Code:,Swift-koodi:
Expiration Time:,Voimassaolon päättymispäivä
Payment Information,Maksutiedot
Place Your Order,Anna tilaus
Saved Cards,Tallennetut luottokorttitilit
Expiration Date:,Voimassaolon päättymispäivä
Save this card for future use,Tallenna tämä tili ja maksutiedot tulevia ostoksia varten.
Card Name:,Luottokortin nimi
There is an issue with Refund at DR side,Hyvitys epäonnistui Digital RIver -yrityksessä
Error! Please check your address and try again.,Virhe! Vahvista osoitteesi. Yritä uudelleen.
Failed to get Source! Please try again.,Tietojen nouto epäonnistui. Yritä uudelleen.
"Cart Subtotal Excl. Tax","Cart Subtotal Excl. Tax"
"Cart Subtotal Incl. Tax","Cart Subtotal Incl. Tax"
"Shipping Excl. Tax","Shipping Excl. Tax"
"Shipping Incl. Tax","Shipping Incl. Tax"
"Order Total Incl. Tax","Order Total Incl. Tax"
"Order Total Excl. Tax","Order Total Excl. Tax"
"Order Total","Order Total"
"Excl. Tax","Excl. Tax"
"Incl. Tax","Incl. Tax"
"Discount (%1)","Discount (%1)"
"Order Summary","Order Summary"
"You will be charged for","You will be charged for"
"Item in Cart","Item in Cart"
"Items in Cart","Items in Cart"
"Ship To:","Ship To:"
"Shipping Method:","Shipping Method:"
"View Details","View Details"
"Review","Review"
"Subtotal","Subtotal"
"Shipping","Shipping"